{"cameraMode":{"drawMode":0,"name":"Shaded","section":"Shading Mode"},"sceneLighting":true,"audioPlay":false,"sceneViewState":{"m_AlwaysRefresh":false,"showFog":true,"showSkybox":true,"showFlares":true,"showImageEffects":true,"showParticleSystems":true,"showVisualEffectGraphs":true,"m_FxEnabled":true},"in2DMode":false,"pivot":{"x":1077.51904296875,"y":-33.03424072265625,"z":1745.1497802734375},"rotation":{"x":-0.056232843548059466,"y":-0.18992507457733155,"z":0.010894551873207093,"w":-0.980128288269043},"size":1116.6295166015625,"orthographic":false}